{"cameraMode":{"drawMode":0,"name":"Shaded","section":"Shading Mode"},"sceneLighting":true,"audioPlay":false,"sceneViewState":{"showFog":true,"showMaterialUpdate":false,"showSkybox":true,"showFlares":true,"showImageEffects":true,"showParticleSystems":true},"in2DMode":false,"pivot":{"x":-2.6163086891174318,"y":-7.778396129608154,"z":-15.880426406860352},"rotation":{"x":-0.02073548175394535,"y":0.9643187522888184,"z":-0.2516923248767853,"w":-0.07944540679454804},"size":10.0,"orthographic":false}